file,message
APTIS.eml,"Message-ID: <CAL3xXaHgiVptPt26SZx8RoiT6KoTZgyiOhk1iw6-dovzBStfYw@mail.gmail.com>
Date: Wed, 15 Mar 2023 10:52:28 +0700
From: ETE Info <info.etevn@gmail.com>
To: None
Subject: [APTIS] Th√¥ng b√°o l·ªãch thi Chi·ªÅu ng√†y 19/03/2023 t·∫°i Venue ƒê√¥ Nghƒ©a
Mime-Version: 1.0
Content-Type: multipart/alternative; boundary=""0000000000004e540905f6e846de""
Content-Transfer-Encoding: None
Cc: duonganhvu0512@gmail.com
Bcc: dvt18012000@gmail.com

Aptis ESOL *Th√¢n g·ª≠i th√≠ sinh Aptis ESOL,* C·∫£m ∆°n b·∫°n ƒë√£ ƒëƒÉng k√Ω thi Aptis
ESOL ƒë∆∞·ª£c t·ªï ch·ª©c b·ªüi H·ªôi ƒë·ªìng Anh v·ªõi ETE Vietnam t·∫°i H√† N·ªôi. Sau ƒë√¢y l√† chi
ti·∫øt v·ªÅ l·ªãch thi c·ªßa b·∫°n: *Ng√†y thi v√† Gi·ªù b·∫Øt ƒë·∫ßu l√†m b√†i* 19/03/2023 at
13:30 *Gi·ªù l√†m th·ªß t·ª•c v√†o ph√≤ng thi* T·ª´ 12:30 t·ªõi 13:00 *Lo·∫°i b√†i thi* Aptis
ESOL General *ƒê·ªãa ƒëi·ªÉm thi* *BTU 05-51 Khu ƒê√¥ th·ªã ƒê√¥ Nghƒ©a, Y√™n Nghƒ©a, H√†
ƒê√¥ng, H√† N·ªôi.*Google maps: *https://goo.gl/maps/uEk1oKXS2saugerD8 * Vui l√≤ng
c√≥ m·∫∑t t·∫°i ƒë·ªãa ƒëi·ªÉm thi √≠t nh·∫•t 60 ph√∫t so v·ªõi gi·ªù b·∫Øt ƒë·∫ßu l√†m b√†i ƒë·ªÉ l√†m th·ªß
t·ª•c v√†o ph√≤ng thi. N·∫øu b·∫°n t·ªõi mu·ªôn h∆°n th·ªùi gian n√†y, b·∫°n c√≥ th·ªÉ kh√¥ng ƒë∆∞·ª£c
tham d·ª± k·ª≥ thi. L∆∞u √Ω khi tham d·ª± k·ª≥ thi: *1. **Gi·∫•y t·ªù t√πy th√¢n h·ª£p l·ªá* Th√≠
sinh b·∫Øt bu·ªôc ph·∫£i ƒëem ƒë√∫ng b·∫£n g·ªëc v√† c√≤n hi·ªáu l·ª±c c·ªßa Gi·∫•y t·ªù t√πy th√¢n ƒë√£ s·ª≠
d·ª•ng ƒë·ªÉ ƒëƒÉng k√Ω thi, c√≥ th·ªÉ l√†: ¬∑ H·ªô chi·∫øu; ho·∫∑c ¬∑ Ch·ª©ng minh nh√¢n d√¢n/CƒÉn
c∆∞·ªõc c√¥ng d√¢n (CMND/CCCD) Kh√¥ng c√≥ b·∫•t c·ª© lo·∫°i h√¨nh Gi·∫•y t·ªù n√†o kh√°c ho·∫∑c b·∫£n
photo ƒë∆∞·ª£c ch·∫•p nh·∫≠n khi d·ª± thi. Th√≠ sinh s·∫Ω kh√¥ng ƒë∆∞·ª£c ph√©p v√†o ph√≤ng thi v√†
s·∫Ω kh√¥ng ƒë∆∞·ª£c ho√†n l·∫°i l·ªá ph√≠ thi n·∫øu Gi·∫•y t·ªù tu·ª≥ th√¢n c·ªßa th√≠ sinh kh√¥ng h·ª£p
l·ªá ho·∫∑c kh√¥ng ƒë√°p ·ª©ng ƒë∆∞·ª£c y√™u c·∫ßu ho·∫∑c n·∫øu nh√¢n vi√™n gi√°m s√°t th·∫•y c√≥ b·∫•t k·ª≥
d·∫•u hi·ªáu nghi ng·ªù g√¨ v·ªÅ t√≠nh x√°c th·ª±c c·ªßa Gi·∫•y t·ªù tu·ª≥ th√¢n c·ªßa th√≠ sinh. Vui
loÃÄng xem th√™m Quy ƒëiÃ£nh v√™ÃÄ Gi√¢ÃÅy t∆°ÃÄ tuÃÄy th√¢n TAÃ£I ƒê√ÇY  *2. **V·∫≠t d·ª•ng v√†
h√†nh l√Ω c√° nh√¢n* T·∫•t c·∫£ v·∫≠t d·ª•ng v√† h√†nh l√Ω c√° nh√¢n ph·∫£i ƒë·ªÉ t·∫°i khu v·ª±c quy
ƒë·ªãnh v√† ·ªü b√™n ngo√†i ph√≤ng thi. B·∫•t c·ª© c√°c thi·∫øt b·ªã ƒëi·ªán t·ª´ bao g·ªìm v√† kh√¥ng
gi·ªõi h·∫°n nh∆∞ ƒëi·ªán tho·∫°i v√† ƒë·ªìng h·ªì ƒë·ªÅu kh√¥ng ƒë∆∞·ª£c ph√©p mang v√†o ph√≤ng thi. Vui
l√≤ng l∆∞u √Ω r·∫±ng ch√∫ng t√¥i kh√¥ng ch·ªãu tr√°ch nhi·ªám n·∫øu c√≥ b·∫•t c·ª© s·ª± m·∫•t m√°t v·ªÅ
v·∫≠t d·ª•ng v√† h√†nh l√Ω c√° nh√¢n, do v·∫≠y, th√≠ sinh ƒë∆∞·ª£c khuy·∫øn kh√≠ch kh√¥ng n√™n mang
theo c√°c v·∫≠t d·ª•ng c√≥ gi√° tr·ªã. *3. **Nh·ªØng v·∫≠t d·ª•ng ƒë∆∞·ª£c ph√©p mang v√†o ph√≤ng
thi:* ¬∑ H·ªô chi·∫øu/CMND/CCCD b·∫£n g·ªëc ¬∑ N∆∞·ªõc u·ªëng trong chai nh·ª±a trong ¬∑ KhƒÉn
gi·∫•y v√† thu·ªëc *4. **Nh·ªØng v·∫≠t d·ª•ng KH√îNG ƒë∆∞·ª£c ph√©p mang v√†o ph√≤ng thi:* ¬∑ H√†nh
l√Ω c√° nh√¢n ¬∑ ƒê·ªìng h·ªì/ƒë·ªìng h·ªì th√¥ng minh ¬∑ C√°c thi·∫øt b·ªã ƒëi·ªán t·ª≠ ¬∑ T·ª´ ƒëi·ªÉn, s√°ch
v√† c√°c t√†i li·ªáu in. ¬∑ CaÃÅc taÃÄi li√™Ã£u hoƒÉÃ£c ghi chuÃÅ ∆°Ãâ b√¢ÃÅt c∆∞ÃÅ hiÃÄnh th∆∞ÃÅc
naÃÄo Gian l√¢Ã£n thi c∆∞Ãâ T√¢ÃÅt caÃâ caÃÅc tr∆∞∆°ÃÄng h∆°Ã£p gian l√¢Ã£n biÃ£ phaÃÅt hi√™Ã£n
tr∆∞∆°ÃÅc, trong hoƒÉÃ£c sau kyÃÄ thi Aptis ESOL ƒë√™ÃÄu seÃÉ biÃ£ huÃây k√™ÃÅt quaÃâ thi vaÃÄ
coÃÅ khaÃâ nƒÉng biÃ£ c√¢ÃÅm thi trong voÃÄng m√¥Ã£t nƒÉm. Vui loÃÄng tiÃÄm hi√™Ãâu th√™m Quy
ƒëiÃ£nh v√™ÃÄ vi√™Ã£c huÃây k√™ÃÅt quaÃâ thi vaÃÄ c√¢ÃÅm thi Aptis ESOL.  L∆∞u √Ω v·ªÅ ch·ª©ng
ch·ªâ Aptis ESOL Ch·ª©ng ch·ªâ Aptis c·ªßa b·∫°n s·∫Ω c√≥ sau ng√†y thi kho·∫£ng 10 ng√†y kh√¥ng
k·ªÉ ng√†y L·ªÖ v√† cu·ªëi tu·∫ßn. Vui l√≤ng li√™n h·ªá SƒêT: 0325.21.41.91 ƒë·ªÉ ƒë∆∞·ª£c h∆∞·ªõng d·∫´n
v·ªÅ vi·ªác nh·∫≠n ch·ª©ng ch·ªâ Aptis. C√°c t·ªï ch·ª©c c√¥ng nh·∫≠n ch·ª©ng ch·ªâ Aptis ESOL c√≥
th·ªÉ y√™u c·∫ßu h·∫≠u ki·ªÉm mi·ªÖn ph√≠ k·∫øt qu·∫£ thi Aptis c·ªßa th√≠ sinh trong v√≤ng hai
nƒÉm k·ªÉ t·ª´ ng√†y thi. C√°c t·ªï ch·ª©c c√≥ th·ªÉ g·ª≠i y√™u c·∫ßu h·∫≠u ki·ªÉm tr·ª±c ti·∫øp ƒë·∫øn H·ªôi
ƒë·ªìng Anh theo ƒë·ªãa ch·ªâ email: ¬∑ ƒê·ªëi v·ªõi th√≠ sinh thi Aptis ·ªü H√† N·ªôi ho·∫∑c c√°c
t·ªânh mi·ªÅn B·∫Øc v√† mi·ªÅn Trung exams.hanoi@britishcouncil.org.vn ¬∑ ƒê·ªëi v·ªõi th√≠
sinh thi Aptis ·ªü H·ªì ch√≠ Minh ho·∫∑c c√°c t·ªânh ph√≠a Nam:
exams.hcmc@britishcouncil.org.vn. Chu·∫©n b·ªã cho k·ª≥ thi H√£y chu·∫©n b·ªã cho k·ª≥ thi
th·∫≠t t·ªët v·ªõi c√°c b∆∞·ªõc sau: ¬∑ *T·∫£i v·ªÅ cu·ªën H∆∞·ªõng d·∫´n cho Th√≠ sinh* Aptis ESOL
General  , Aptis ESOL Advanced  , Aptis ESOL for Teachers  candidate guide ¬∑
*L√†m th·ª≠ b√†i thi m·∫´u *t·∫°i ƒë√¢y  ¬∑ *Xem th√™m c√°c video gi·ªõi thi·ªáu v·ªÅ b√†i thi*:
Aptis ESOL General  / Aptis ESOL Advanced  . Ch√∫c b·∫°n ho√†n th√†nh t·ªët k·ª≥ thi
c·ªßa m√¨nh *Tr√¢n tr·ªçng,* \-- Educational Testing and Evaluation Vietnamietnam
(ETE Vi·ªát Nam) üåé Website: https://aptisete.com/ üì± Hotline/Zalo: (+84)
032-521-4191 üìç ƒê·ªãa ch·ªâ: Nh√† 36 Galaxy 6, Galaxy V·∫°n Ph√∫c, S·ªë 69 ƒê∆∞·ªùng T·ªë H·ªØu,
Ph∆∞·ªùng V·∫°n Ph√∫c Qu·∫≠n H√† ƒê√¥ng, H√† N·ªôi.

Aptis ESOL

 ****

 **  
**

 **Th√¢n g·ª≠i th√≠ sinh Aptis ESOL,**

C·∫£m ∆°n b·∫°n ƒë√£ ƒëƒÉng k√Ω thi Aptis ESOL ƒë∆∞·ª£c t·ªï ch·ª©c b·ªüi H·ªôi ƒë·ªìng Anh v·ªõi ETE
Vietnam t·∫°i H√† N·ªôi.

Sau ƒë√¢y l√† chi ti·∫øt v·ªÅ l·ªãch thi c·ªßa b·∫°n:

 **Ng√†y thi v√† Gi·ªù b·∫Øt ƒë·∫ßu l√†m b√†i**

|

19/03/2023 at 13:30  
  
---|---  
  
 **Gi·ªù l√†m th·ªß t·ª•c v√†o ph√≤ng thi**

|

T·ª´ 12:30 t·ªõi 13:00  
  
 **Lo·∫°i b√†i thi**

|

Aptis ESOL General  
  
 **ƒê·ªãa ƒëi·ªÉm thi**

|  **BTU 05-51 Khu ƒê√¥ th·ªã ƒê√¥ Nghƒ©a, Y√™n Nghƒ©a, H√† ƒê√¥ng, H√† N·ªôi.  
** Google maps: _<https://goo.gl/maps/uEk1oKXS2saugerD8>_  
  
  
Vui l√≤ng c√≥ m·∫∑t t·∫°i ƒë·ªãa ƒëi·ªÉm thi √≠t nh·∫•t 60 ph√∫t so v·ªõi gi·ªù b·∫Øt ƒë·∫ßu l√†m b√†i ƒë·ªÉ
l√†m th·ªß t·ª•c v√†o ph√≤ng thi. N·∫øu b·∫°n t·ªõi mu·ªôn h∆°n th·ªùi gian n√†y, b·∫°n c√≥ th·ªÉ
kh√¥ng ƒë∆∞·ª£c tham d·ª± k·ª≥ thi.

L∆∞u √Ω khi tham d·ª± k·ª≥ thi:

 **1. ****Gi·∫•y t·ªù t√πy th√¢n h·ª£p l·ªá**

Th√≠ sinh b·∫Øt bu·ªôc ph·∫£i ƒëem ƒë√∫ng b·∫£n g·ªëc v√† c√≤n hi·ªáu l·ª±c c·ªßa Gi·∫•y t·ªù t√πy th√¢n
ƒë√£ s·ª≠ d·ª•ng ƒë·ªÉ ƒëƒÉng k√Ω thi, c√≥ th·ªÉ l√†:

¬∑ H·ªô chi·∫øu; ho·∫∑c

¬∑ Ch·ª©ng minh nh√¢n d√¢n/CƒÉn c∆∞·ªõc c√¥ng d√¢n (CMND/CCCD)

Kh√¥ng c√≥ b·∫•t c·ª© lo·∫°i h√¨nh Gi·∫•y t·ªù n√†o kh√°c ho·∫∑c b·∫£n photo ƒë∆∞·ª£c ch·∫•p nh·∫≠n khi
d·ª± thi. Th√≠ sinh s·∫Ω kh√¥ng ƒë∆∞·ª£c ph√©p v√†o ph√≤ng thi v√† s·∫Ω kh√¥ng ƒë∆∞·ª£c ho√†n l·∫°i l·ªá
ph√≠ thi n·∫øu Gi·∫•y t·ªù tu·ª≥ th√¢n c·ªßa th√≠ sinh kh√¥ng h·ª£p l·ªá ho·∫∑c kh√¥ng ƒë√°p ·ª©ng ƒë∆∞·ª£c
y√™u c·∫ßu ho·∫∑c n·∫øu nh√¢n vi√™n gi√°m s√°t th·∫•y c√≥ b·∫•t k·ª≥ d·∫•u hi·ªáu nghi ng·ªù g√¨ v·ªÅ
t√≠nh x√°c th·ª±c c·ªßa Gi·∫•y t·ªù tu·ª≥ th√¢n c·ªßa th√≠ sinh. Vui loÃÄng xem th√™m Quy ƒëiÃ£nh
v√™ÃÄ Gi√¢ÃÅy t∆°ÃÄ tuÃÄy th√¢n [TAÃ£I
ƒê√ÇY](https://www.britishcouncil.vn/sites/default/files/policy-about-
presenting-identification-document-for-aptis-esol-vie.pdf)

 **2. ****V·∫≠t d·ª•ng v√† h√†nh l√Ω c√° nh√¢n**

T·∫•t c·∫£ v·∫≠t d·ª•ng v√† h√†nh l√Ω c√° nh√¢n ph·∫£i ƒë·ªÉ t·∫°i khu v·ª±c quy ƒë·ªãnh v√† ·ªü b√™n ngo√†i
ph√≤ng thi. B·∫•t c·ª© c√°c thi·∫øt b·ªã ƒëi·ªán t·ª´ bao g·ªìm v√† kh√¥ng gi·ªõi h·∫°n nh∆∞ ƒëi·ªán
tho·∫°i v√† ƒë·ªìng h·ªì ƒë·ªÅu kh√¥ng ƒë∆∞·ª£c ph√©p mang v√†o ph√≤ng thi.

Vui l√≤ng l∆∞u √Ω r·∫±ng ch√∫ng t√¥i kh√¥ng ch·ªãu tr√°ch nhi·ªám n·∫øu c√≥ b·∫•t c·ª© s·ª± m·∫•t m√°t
v·ªÅ v·∫≠t d·ª•ng v√† h√†nh l√Ω c√° nh√¢n, do v·∫≠y, th√≠ sinh ƒë∆∞·ª£c khuy·∫øn kh√≠ch kh√¥ng n√™n
mang theo c√°c v·∫≠t d·ª•ng c√≥ gi√° tr·ªã.

 **3. ****Nh·ªØng v·∫≠t d·ª•ng ƒë∆∞·ª£c ph√©p mang v√†o ph√≤ng thi:**

¬∑ H·ªô chi·∫øu/CMND/CCCD b·∫£n g·ªëc

¬∑ N∆∞·ªõc u·ªëng trong chai nh·ª±a trong

¬∑ KhƒÉn gi·∫•y v√† thu·ªëc

 **4. ****Nh·ªØng v·∫≠t d·ª•ng KH√îNG ƒë∆∞·ª£c ph√©p mang v√†o ph√≤ng thi:**

¬∑ H√†nh l√Ω c√° nh√¢n

¬∑ ƒê·ªìng h·ªì/ƒë·ªìng h·ªì th√¥ng minh

¬∑ C√°c thi·∫øt b·ªã ƒëi·ªán t·ª≠

¬∑ T·ª´ ƒëi·ªÉn, s√°ch v√† c√°c t√†i li·ªáu in.

¬∑ CaÃÅc taÃÄi li√™Ã£u hoƒÉÃ£c ghi chuÃÅ ∆°Ãâ b√¢ÃÅt c∆∞ÃÅ hiÃÄnh th∆∞ÃÅc naÃÄo

Gian l√¢Ã£n thi c∆∞Ãâ

T√¢ÃÅt caÃâ caÃÅc tr∆∞∆°ÃÄng h∆°Ã£p gian l√¢Ã£n biÃ£ phaÃÅt hi√™Ã£n tr∆∞∆°ÃÅc, trong hoƒÉÃ£c sau
kyÃÄ thi Aptis ESOL ƒë√™ÃÄu seÃÉ biÃ£ huÃây k√™ÃÅt quaÃâ thi vaÃÄ coÃÅ khaÃâ nƒÉng biÃ£ c√¢ÃÅm
thi trong voÃÄng m√¥Ã£t nƒÉm. Vui loÃÄng tiÃÄm hi√™Ãâu th√™m [Quy ƒëiÃ£nh v√™ÃÄ vi√™Ã£c huÃây
k√™ÃÅt quaÃâ thi vaÃÄ c√¢ÃÅm thi Aptis
ESOL.](https://www.britishcouncil.vn/thi/aptis/ket-qua)

L∆∞u √Ω v·ªÅ ch·ª©ng ch·ªâ Aptis ESOL

Ch·ª©ng ch·ªâ Aptis c·ªßa b·∫°n s·∫Ω c√≥ sau ng√†y thi kho·∫£ng 10 ng√†y kh√¥ng k·ªÉ ng√†y L·ªÖ v√†
cu·ªëi tu·∫ßn. Vui l√≤ng li√™n h·ªá SƒêT: 0325.21.41.91 ƒë·ªÉ ƒë∆∞·ª£c h∆∞·ªõng d·∫´n v·ªÅ vi·ªác nh·∫≠n
ch·ª©ng ch·ªâ Aptis.

C√°c t·ªï ch·ª©c c√¥ng nh·∫≠n ch·ª©ng ch·ªâ Aptis ESOL c√≥ th·ªÉ y√™u c·∫ßu h·∫≠u ki·ªÉm mi·ªÖn ph√≠
k·∫øt qu·∫£ thi Aptis c·ªßa th√≠ sinh trong v√≤ng hai nƒÉm k·ªÉ t·ª´ ng√†y thi. C√°c t·ªï ch·ª©c
c√≥ th·ªÉ g·ª≠i y√™u c·∫ßu h·∫≠u ki·ªÉm tr·ª±c ti·∫øp ƒë·∫øn H·ªôi ƒë·ªìng Anh theo ƒë·ªãa ch·ªâ email:  

¬∑ ƒê·ªëi v·ªõi th√≠ sinh thi Aptis ·ªü H√† N·ªôi ho·∫∑c c√°c t·ªânh mi·ªÅn B·∫Øc v√† mi·ªÅn Trung
[exams.hanoi@britishcouncil.org.vn](mailto:exams.hanoi@britishcouncil.org.vn)

¬∑ ƒê·ªëi v·ªõi th√≠ sinh thi Aptis ·ªü H·ªì ch√≠ Minh ho·∫∑c c√°c t·ªânh ph√≠a Nam:
[exams.hcmc@britishcouncil.org.vn](mailto:exams.hcmc@britishcouncil.org.vn).

Chu·∫©n b·ªã cho k·ª≥ thi

H√£y chu·∫©n b·ªã cho k·ª≥ thi th·∫≠t t·ªët v·ªõi c√°c b∆∞·ªõc sau:

¬∑ **T·∫£i v·ªÅ cu·ªën H∆∞·ªõng d·∫´n cho Th√≠ sinh** [Aptis ESOL
General](https://www.britishcouncil.org/sites/default/files/aptis_candidate_guide_2020_a4_final.pdf),
[Aptis ESOL
Advanced](https://www.britishcouncil.org/sites/default/files/aptis_advanced_candidate_guide_2020_a4_final.pdf),
[Aptis ESOL for
Teachers](https://www.britishcouncil.org/sites/default/files/aptis_teachers_candidate_guide_2021_a4_0.pdf)
candidate guide

¬∑ **L√†m th·ª≠ b√†i thi m·∫´u**[ t·∫°i
ƒë√¢y](https://www.britishcouncil.org/exam/aptis/practice-materials)

¬∑ **Xem th√™m c√°c video gi·ªõi thi·ªáu v·ªÅ b√†i thi** : [Aptis ESOL
General](https://www.youtube.com/watch?v=wumg5p4xeJY&list=PLU0GJ8GLe_up4zes7rZOdt954f3EUaNYw)
/ [Aptis ESOL
Advanced](https://www.youtube.com/watch?v=k-eJbjuwMGM&list=PLU0GJ8GLe_uqhTPcp5b9Ur4BKn6YuSrWe).

Ch√∫c b·∫°n ho√†n th√†nh t·ªët k·ª≥ thi c·ªßa m√¨nh

_Tr√¢n tr·ªçng,_

  

\--  

![](https://ci3.googleusercontent.com/mail-
sig/AIorK4wq_wBgQSw2hFPAoAnymMPb5mbBZni7y5FE_TK-
QPhjc3oAZwPa_Ie8TPa9n0qbls4RTxEKJ3g)| Educational Testing and Evaluation
Vietnamietnam (ETE Vi·ªát Nam)  
üåé Website: <https://aptisete.com/>  
üì± Hotline/Zalo: (+84) 032-521-4191  
üìç ƒê·ªãa ch·ªâ: Nh√† 36 Galaxy 6, Galaxy V·∫°n Ph√∫c, S·ªë 69 ƒê∆∞·ªùng T·ªë H·ªØu, Ph∆∞·ªùng V·∫°n
Ph√∫c Qu·∫≠n H√† ƒê√¥ng, H√† N·ªôi.  
---|---

"
test.eml,"Message-ID: <ae05c740-b0ef-11ed-b4e5-b19e8b6306f5@turing.ac>
Date: Mon, 20 Feb 2023 07:24:58 +0000 (UTC)
From: ""Turing - U.S. Software Jobs"" <support@turing.ac>
To: dvt18012000@gmail.com
Subject: Good news! You are pre-approved to create a Deep Developer Profile!
Mime-Version: 1.0
Content-Type: multipart/alternative; boundary=0f03a02e5beffeafc051423ee835e3bbe0f7e9ece5592ddb7bf951bb63a3
Content-Transfer-Encoding: None
Cc: 
Bcc: 

It takes about 30 sec to upload a resume and get ahead of 50% Turing
developers who are interested in working remotely for top U.S. companies.

_Not interested in U.S. software jobs? Then[ please click _here_ to
unsubscribe.
](https://u26422699.ct.sendgrid.net/ls/click?upn=UAuGIPx-2FZEXWhAP9bG94I2c9bFRrdv5-2FA-2Bd0A0hoAlniJyWp5Yj19B8KLzm3MVWl0Jj3Agx3nMPq8DwVzR-2F7HkELZ8mJlWf5hjRWfKgldIRM3zEYwABSPNuHAoKyqm8ovdHP6bGqtroQhNFweedryDDYTd-2B66KiIT2oQA-2FvZ2YUdOJIuGgRh61TNl8kMC7nOyCcnEjVp6sJQLSNgwYHsv3MdWmy3ENL-2FcwdfJTNBfGULryn-2BO03VRDBs11cMhIRhgPoD2pJCf1jiUc-2BuZ6XrYXQNcN7F3ZdXFZfBzOjtQReA7t5EedthFA3hTLdTEf5ux-2FOVm3RFk-2BFwkq3eiph3oo5723vemIX4u-2FGDgE3dZiySTdqbU0xk-2FXJn8-2B5DI75bonbpB4U3uFUlompqnzuY198frHeR1ct5JD6Ktz-2BeychQqHJnyVaol1C4JN555KkPvoDNrjUKERoFGCpxzh1hvQ-3D-3DIAnv_wUg6XbRT2Dc4maoRgr1Hw-2BIPVzESx8VPFU38ufuNCIs1-2F5tRBUjB0KMH5TXyyPIjIXHfN-2FiDzLhxh-2BtSi7pALzfZKlzqpzVK2Ptp3GO-2Fd-2FxtMvTdzhQFvAj9AurMspbMvfsNeRAIUDJVAz6q9fcdZZthAj1zvPjDTvfEEazUVUvnkEnlnJCs-2FN0Gof9t0RfA7EEkkPhPxngtoTpCjffEj923KckOq4zlaqy9Rb47kG-2BBvwXcI-2FygmRlXZJe5jFo8
style=)  
\-- _

Hi Tuyen,

You are an ideal candidate to create a Deep Developer profile on Turing. We
recommend you upload your resume at the earliest to bag attractive
opportunities with US-based tech companies.

As a Turing Developer, you will have access to global, remote, high-paying
opportunities that offer:

  1. Long-term engagement.
  2. Easy, lifelong job matching.
  3. Access to developer community, mentorship, and upskilling opportunities. 

If this sounds like something you‚Äôd be interested in, you can quickly move
**ahead of 50% of candidates** by uploading your resume right now. All you
need to do is:

  1. Upload your existing resume.
  2. Take the Automated Coding Challenge. 
  3. Check and incorporate our suggestions as you finalize your profile. We recommend actions that can add weight to your resume based on your skill level, experience, and Turing test results. 

You can also click on the Help widget on your screen to find self-help
articles or chat with us live for specific help regarding your resume.[ [
Count me in for remote U.S.
jobs](https://u26422699.ct.sendgrid.net/ls/click?upn=UAuGIPx-2FZEXWhAP9bG94I8-2BnnlO7-2B4WU0iPzy7RhvUvNE0Z9KkJ1VjhW0DyOyt5VYnGGSUfDNL3EGgEMlQG1vOS6SCv48-2F7kRih1A4NHc2NYkS6GPBahT3Rgu0PkNkHQtecL1zC1X3gcErVirQsYy5RMlF9aN6X7hyuHIEvgDSxfZ2T38NKUn1mJM4YhxBmZ-2F7TNBi1Ewe56mpTuCPfWPH8v7G9r4I7uFHBFaf7r-2Fr-2BvhAp6aUvJGGOikEwsLP55JCB1qiu4si4WJJ0MenZgpSTr0LyZzJm5CMN-2BCMXwgUZsQC80wESLcDIrsDcgYpYF7kh-2FiIr2tRMOis9-2FuNSO-2Fw-3D-3DOnpP_wUg6XbRT2Dc4maoRgr1Hw-2BIPVzESx8VPFU38ufuNCIs1-2F5tRBUjB0KMH5TXyyPIjLWMDwJ4H5U0KInpl2vEFqdUZvB8X-2ByjzI2fsteYBFsJI5CaqgTrFK2CuzDGghdszRQXQXrkfVj4zQJSKYISKizcYTFuwzr60Ux-2BqeV17Iuzlo8a-2FHRIgM4et0KXYLpJYeU0VNA8xAN7S-2F7v0GEhr5-2BylH0-2FoJ5Df75iqkTS-2FrifyGM-2Ft0qpV8V2KxQcp1Z-2Fz

            style=)

If you encounter any difficulties while creating your profile, please email us
at [support@turing.com](mailto:support@turing.com).

We look forward to matching you with new, exciting opportunities!

Good luck!  
Turing

\-----------------------------------------------------------

**_Interesting facts about Turing_**

Turing is an AI-based platform that recently raised its Series D at a **$1.1
billion valuation** and became a unicorn. We help engineers find long-term,
high-paying, remote software jobs with US-based companies such as **Disney+, J
&J;, Dell, and Pepsi.**

Videos of current Turing engineers talking about their experience with Turing:

  * [Isaac (Nigeria)](https://u26422699.ct.sendgrid.net/ls/click?upn=UAuGIPx-2FZEXWhAP9bG94I5QTj-2BToNUVOXVBligALEFc7ewvjgM8HW4Gnf6HYeUcXusrq0IZqm3YqFfFUxHmzzA-3D-3DqNCh_wUg6XbRT2Dc4maoRgr1Hw-2BIPVzESx8VPFU38ufuNCIs1-2F5tRBUjB0KMH5TXyyPIjEUhaHSAgrgNEy5KpePWSSlSSfhZbe5VmrZI-2FDbz9WzmtdURB22zlSaAI3Zo2Zw3qYht5ecfP2PZUa-2Bi9QebZhqStvA0PvKS0swdW6uiL9P5TYYh7Y-2FWPTrnVM56Q8PXpev5Cv4ohOD6zKTSW6JdZtcArqAgKVn8xj0Fx-2B59Zg-2FvWrS6KNMrL8UwTbyemppm4 style=)
  * [Andrew (Brazil)](https://u26422699.ct.sendgrid.net/ls/click?upn=UAuGIPx-2FZEXWhAP9bG94I5QTj-2BToNUVOXVBligALEFfd42WlIg8rE1G-2B2po2VtJ3PpxoWrA4MMRu06V6bB4xWA-3D-3D66mp_wUg6XbRT2Dc4maoRgr1Hw-2BIPVzESx8VPFU38ufuNCIs1-2F5tRBUjB0KMH5TXyyPIj16KfQGoszp2e1UcRKbFCB5nPH2MFuIBvyT0tVbIyhbsWf34lJ5qLZvKsFiNN-2FPdATwDYm7kZkz19-2FBI42NWTkOYJCcqRvlOG00m-2BfGA263rDSeFnZAG0UQvX3rdMc2BScY-2BGyoDL-2BDd6fv8TZy7mSXQGYUkjmn6ZilpLQDJLkuhGyBf0-2F2GDswsDFCcN9AYf style=)
  * [James (South Africa)](https://u26422699.ct.sendgrid.net/ls/click?upn=UAuGIPx-2FZEXWhAP9bG94I5QTj-2BToNUVOXVBligALEFdM0jwULDxNrQ6h2CsS-2F2K03uqZ2b57g6e1-2B6XpqCAhdw-3D-3DzG2g_wUg6XbRT2Dc4maoRgr1Hw-2BIPVzESx8VPFU38ufuNCIs1-2F5tRBUjB0KMH5TXyyPIjE-2BdfrfF3Y-2FqUz-2FIp-2B-2F22OnUphA8BA0KZq7jQiiyOWoBNjtsxaqeLOdS9Rl24NXMUor6OL46RSacJnsGRcGYBzXa7YsFkzxaFCXUmkDHwKDJxSjuflW-2BDFwNbOSLDeK-2BZc6IxOPWgb9XRjc3h8MqntCvGW-2BYU4vzYsQk4cLyqGmWC5q-2BpIJevv3VxZvHS4p1C style=)
  * [Numan (Pakistan)](https://u26422699.ct.sendgrid.net/ls/click?upn=UAuGIPx-2FZEXWhAP9bG94I5QTj-2BToNUVOXVBligALEFf336RFutbahzEN74kDXp2zGQNUUae-2BVibB7fzQ24vDiw-3D-3DpVVe_wUg6XbRT2Dc4maoRgr1Hw-2BIPVzESx8VPFU38ufuNCIs1-2F5tRBUjB0KMH5TXyyPIjGThw1zfainwaTayOI3iQ1sVHxpGhd5mwnqUO0tm8hpHxoj1nchonYeAdTfqxE6XFtIEvw0Rk-2Fxx1Qyt5DGyymPAzBz1hHoCbeyiYlcA3b7XzF5x6fAYemHWoy5SkBQbN-2BPXCWZ1lB-2FnS03be8qbXU3rIjEebw8np1zDMFKXU-2BPg2J08hnjd6NhMPv61HaN-2Bc style=)
  * [Mukul (India)](https://u26422699.ct.sendgrid.net/ls/click?upn=UAuGIPx-2FZEXWhAP9bG94I5QTj-2BToNUVOXVBligALEFeATcVmvJpJL3AYRlSgW0y21A7Dd5L7O3aghfKw2tzLHw-3D-3DfrqN_wUg6XbRT2Dc4maoRgr1Hw-2BIPVzESx8VPFU38ufuNCIs1-2F5tRBUjB0KMH5TXyyPIjEUMTM-2FraD3cnXYD5Ovm0OT03zlwcAquaUSON5-2BgnnuQ9eyxf5Z1CzSlvHyckts7hOLF9J9lFqPosw-2BPMWDKZYQdChYCaQFRrtoE3jCmkNbvOd3aowWvKAj2j9DVdND1ETrP2oBIFime7HSX9JTWDvp3wuQh-2BMPNXIkF0P-2B-2BYv3IPm0AAtmIQ50pCEndgukE3 style=)

Read more articles about Turing here:

  * Forbes [ America‚Äôs Best Startup Employers](https://u26422699.ct.sendgrid.net/ls/click?upn=UAuGIPx-2FZEXWhAP9bG94I3LFehIIikBmHxvNa4LuPCpDFPAcu9LCIgwLWxD7-2BcCLf8wHz30oAVL8Tdk8UJm1ShxsT-2FMs6PiSsdefGflD-2F7VItjtKPNSGx00b-2FP1PLa-2FAXZ5K_wUg6XbRT2Dc4maoRgr1Hw-2BIPVzESx8VPFU38ufuNCIs1-2F5tRBUjB0KMH5TXyyPIj9vos78A-2B0V9Jti0SlFArn-2BpxAofInB009bPhY-2BGy36ZtJrfSC8KA65jKcuBAGbqHrIlKYQ50Rq10gTV1xAQ-2FZkLJr9wiD3szNDYLlBRqTBfPy1-2B5LgrhARmMqj5YGBIJWYvEiru-2BhjSFC7bmo95FHFOKFEU0Yq7IeW-2F2vLGpeeI7V9i8dNnfjgyj5QfWwiHJ style=)
  * Tech Crunch [Turing books $87M at a $1.1B valuation to help companies hire engineers remotely](https://u26422699.ct.sendgrid.net/ls/click?upn=UAuGIPx-2FZEXWhAP9bG94Iy13lTM1TQh8N8l3ywdgST6O5Kq0-2BcgbhaFUFIRQowb3T85tEZS7fMaKAtT53BdZysNfQc9zt6usD0YIpCAh7BO84afRgf2u-2BtI0dUbuhuz0CSzlCW66-2Be3sfjiaxwCfVdotN5aMBbfw8qFxVI4HIOe55t75BDVPbep1TXDkit3tHZCj_wUg6XbRT2Dc4maoRgr1Hw-2BIPVzESx8VPFU38ufuNCIs1-2F5tRBUjB0KMH5TXyyPIjvhVDjLsFNRrNGunWZad8cXNKoNpOzhl4EfFNVO0L6dIigv5sBdXL5p2x3E4lYO8RSQgDmB3lBWiATZ3UsYcOI1FL7Uw094UIoyc-2BjV49gCBQORzH2KkxMXvtwJ5VbNDqPeWN87ONGIQZx2GxYWrmDDSie-2BZWxFxrEJpJ2izGumXaBQzEVUzsp53cjMHSSlL3 style=)
  * Fast Company: Turing featured in Fast Company‚Äôs [Annual List of the World‚Äôs Most Innovative Companies 2021](https://u26422699.ct.sendgrid.net/ls/click?upn=UAuGIPx-2FZEXWhAP9bG94I4CYeGZ7qk8Ur-2BGk61xSAJdYRwKyQWtaLDN56GHjhna89dB49xBoZgZo3hUqtVke0Bb2Tl7lKSMH2KH0Wxpf3HWEWj8tEGH8hEwokoj9kajBlCYEhZMzHlGMogm8TTmr-2BbewafziNugj9YRem9sAa8w-3Dgmzj_wUg6XbRT2Dc4maoRgr1Hw-2BIPVzESx8VPFU38ufuNCIs1-2F5tRBUjB0KMH5TXyyPIjcJVstpUjiq7Tp70u6-2FXw0g4g15NGfApvOaBVX5Zv22HM4ZBf5rfM5VVlGik6kvfjHxSUu-2F2GnrAcvkFuVthGyqqN4tMzlE-2F9Gfy-2B1mxFGJGRwJJXQBDSzpBuq2JaKkzfFklr-2Bdiuu8nNWBDW1cTI4vK50Zn7P46IU3JmO3pAD7cXUqV1C8XFc7t6jPtKFf8m style=)
  * The Information:  [Turing named the Most Promising B2B Startup by The Information ](https://u26422699.ct.sendgrid.net/ls/click?upn=UAuGIPx-2FZEXWhAP9bG94I4CYeGZ7qk8Ur-2BGk61xSAJdYRwKyQWtaLDN56GHjhna8xcVO6J2mHvnbAMTfDGpjg-2FPPWZDjEUQYFpPFGdjuvitwGI-2F-2FAWP-2BQ143MUSCD5zfBNsB-2FRqdsXtCORwiDcQQrg-3D-3DoCz7_wUg6XbRT2Dc4maoRgr1Hw-2BIPVzESx8VPFU38ufuNCIs1-2F5tRBUjB0KMH5TXyyPIj6gtkucLiDAfCQNONZpzi2FvpdWo7QkE4QmtZMVbHM86xg9xMwW49s1AS3469LhxWyO6E0uRpgBuIm989Nm0NIzqyqducwrXJZSKS-2F3uQmJtGpnkWM2gd8y-2Fm1HG5mGQJTnXE1yrqFBxq6cdpD1QvlcFbn7tJ4mGeMsIKrXKdhKvae1yMJ35KsL0C-2FHQAZ5Sm style=)

  

Turing Enterprises Inc, 1900 Embarcadero Rd, Suite 104, Palo Alto, California,
94303, USA

  

It takes about 30 sec to upload a resume and get ahead of 50% Turing
developers who are interested in working remotely for top U.S. companies.

_Not interested in U.S. software jobs? Then[ please click _here_ to
unsubscribe.
](https://u26422699.ct.sendgrid.net/ls/click?upn=UAuGIPx-2FZEXWhAP9bG94I2c9bFRrdv5-2FA-2Bd0A0hoAlniJyWp5Yj19B8KLzm3MVWl0Jj3Agx3nMPq8DwVzR-2F7HkELZ8mJlWf5hjRWfKgldIRM3zEYwABSPNuHAoKyqm8ovdHP6bGqtroQhNFweedryDDYTd-2B66KiIT2oQA-2FvZ2YUdOJIuGgRh61TNl8kMC7nOyCcnEjVp6sJQLSNgwYHsv3MdWmy3ENL-2FcwdfJTNBfGULryn-2BO03VRDBs11cMhIRhgPoD2pJCf1jiUc-2BuZ6XrYXQNcN7F3ZdXFZfBzOjtQReA7t5EedthFA3hTLdTEf5ux-2FOVm3RFk-2BFwkq3eiph3oo5723vemIX4u-2FGDgE3dZiySTdqbU0xk-2FXJn8-2B5DI75bonbpB4U3uFUlompqnzuY198frHeR1ct5JD6Ktz-2BeychQqHJnyVaol1C4JN555KkPE1NsLBSOf5E2K74lZfqOxw-3D-3DPDIK_wUg6XbRT2Dc4maoRgr1Hw-2BIPVzESx8VPFU38ufuNCIs1-2F5tRBUjB0KMH5TXyyPIjkh3gbFYhPMMZbuv1R7mAWwvqHHgf8DJHLgjIzvwff0bn3xqXgbOU8kQpmWpwbKuykiHVW7T0eFApAbOLmPtu9ht-2FKMEqEeAwRnk4NfXdDgfXbTeKlHyBjTqIwemJE-2FVSejn3cf1uA1MKYfx4c0zmW-2BeSf1DH0kYnEcBPMTX7A4PsKT2q0OWFBES3pPqc6kcV)  
\-- _

Hi Tuyen,

You are an ideal candidate to create a Deep Developer profile on Turing. We
recommend you upload your resume at the earliest to bag attractive
opportunities with US-based tech companies.

As a Turing Developer, you will have access to global, remote, high-paying
opportunities that offer:

  1. Long-term engagement.
  2. Easy, lifelong job matching.
  3. Access to developer community, mentorship, and upskilling opportunities. 

If this sounds like something you‚Äôd be interested in, you can quickly move
**ahead of 50% of candidates** by uploading your resume right now. All you
need to do is:

  1. Upload your existing resume.
  2. Take the Automated Coding Challenge. 
  3. Check and incorporate our suggestions as you finalize your profile. We recommend actions that can add weight to your resume based on your skill level, experience, and Turing test results. 

You can also click on the Help widget on your screen to find self-help
articles or chat with us live for specific help regarding your resume.[ Click
here to learn
more.](https://u26422699.ct.sendgrid.net/ls/click?upn=UAuGIPx-2FZEXWhAP9bG94Ixcke-2BQB2yTmGtJU8TbvDt2zAEMnlMvFFUghTxOcqhUlcIrumvjpYPepuvdhOje6bAGzgsF4ssBYSrfNb8iJr7qOOAtNWTk44tSrV2-2FOZAjVyk-2BEExlmrbxVsUG2t5GXolpRMtudW6BuHVahkjVUCqAmHiOj81UC16k7d4ZzbQ5NV-2Ff4K373j-2Fpe7hbJ8uEBh6cv6X0Zw1F6sKUqx9uY6xmdw2kxWqDScMZzFfyiCk0kjLwrLJheTUM3FPt6EF4PhI384CloXHgR1z93ZDvVQU21Srbs7XpuSb7xf5NmrI4jPUnwBpIKIy3UiZb8FHTB5BYxhfWMFYtKRRQ70tVac7bZYHGBqAByTgC4WYAEnYE1votq6m1eZIg9RBR-2FMJHyCXIwe-2Fhg47RIWxm31UswYi4ARDFOqvKZiwjSDZsZdUomzh7gIZisNZd-2Bm-2F7vXxBXyEFNganK6bTrReNZrwAH5RKHhPXX-2BiJeMMrqieSxROqAFaIEjI0Wj6LtkFb-2FjCfNdg-3D-3DFVQj_wUg6XbRT2Dc4maoRgr1Hw-2BIPVzESx8VPFU38ufuNCIs1-2F5tRBUjB0KMH5TXyyPIjdbUXzB-2FWTKZ4iuBBh9Y3qH0nP3bxKkAWbd1rVM7AB0PJhbNiu69aZc8hg1NO5fw6t4kIzYbw0f-2FzLe4J20Abc6ViqTczffAGOmOEJe5AcI-2BT9v-2B-2F-2Fz98tRsyau17SgwZiPR9-2BsXI6YZRyueMtGYuTX1s37A6Ey2n5Vjy1GyZ8-2BoUM6BxZKf-2FCyxgKmABk9GC)

[ Count me in for remote U.S.
jobs](https://u26422699.ct.sendgrid.net/ls/click?upn=UAuGIPx-2FZEXWhAP9bG94Ixcke-2BQB2yTmGtJU8TbvDt3OKq-2FrqNRVRTlCeoRglcXxrXhH2kjyd26ddODWoQ9Ppfmv5W4h7e7haaQAOHwbbON-2BR3OpQJD-2B-2BjPNhUwamrhE3Y5RgcWYIkxPqF13ZQP-2Fwn95iqdJ8PEn1Qiv8RJOJ8m4YGNa61xB4bmZDV3-2FD79FuJCmq-2Fnd-2FH6STJBekWMaB1lmA1Ep6KCM0-2FCQQ3ZSuS7VLCB4j1q4m4POU6iKJnMnOuNfkPHlklAADQzqM4jXRuRiS81sSETLjCrLi2egG4x3NOTdep9oC2DTgDFsvN-2FDzWw1HAyzk-2F3OyQS5-2BfR-2FiqQgniyHy3jUl9Hl9YipXnNFz41KKYufJdVOevfAOHXPAom3m7fFvZJz87MV5EtuzURSN9QroRhpGhYMWQsK72zGXHPHhNqqgfVws2FzI2-2BrN6Rn-2FR5nQT3fEhBrIi8F-2FgtKlC0dmWWqwtdXchJixjv-2F7cOMN8JD9Tts6HmwSFps1seereiZ5-2Fv7ZKqrDsikSSKwLKbsUfavGoXdVAw0RWQ61HX-2FLNRssF7YGUGpLi45qsMLKlOWrwN25c7VZOKanlCiuW3xFwN9K4n2Chq7Xjx3-2Bh7dK9vJC4qvKXrv-2Bbue5xT7n9TD4N7PDUXyEMugIAqIHtgy7IsMt4gOB6R9FBQI7Pnrf-2BLV-2Fg73Fa00gh-2Bp64rNeqHSlfkNNkCPUMqZ3Zvhocfoh2Rj4cZj6H1HUkRBX2rxG8xjwvSYoGR9aOUGAL0o_wUg6XbRT2Dc4maoRgr1Hw-2BIPVzESx8VPFU38ufuNCIs1-2F5tRBUjB0KMH5TXyyPIjD2OFo-2Fzrwf-2Bgw8xMLveAYS7a8Dm4gQXwXTw2DrYzmVy66AM24e9O8okGyfbAj8VdRchHL-2BAdEPjkp8vs-2BT4sI7yMulwmm43fAs9P3oAy3sWhFwri1DVUlOQpJz0pc7XaFhA4sj3doTbgRaUsyQjeJWNJ0g28L4uYaTHpuq09s-2BiRamEYuiqOAWJtcItCJFYv)

If you encounter any difficulties while creating your profile, please email us
at [support@turing.com](mailto:support@turing.com).

We look forward to matching you with new, exciting opportunities!

Good luck!  
Turing

\-----------------------------------------------------------

**_Interesting facts about Turing_**

Turing is an AI-based platform that recently raised its Series D at a **$1.1
billion valuation** and became a unicorn. We help engineers find long-term,
high-paying, remote software jobs with US-based companies such as **Disney+, J
&J;, Dell, and Pepsi.**

Videos of current Turing engineers talking about their experience with Turing:

  * [Isaac (Nigeria)](https://u26422699.ct.sendgrid.net/ls/click?upn=UAuGIPx-2FZEXWhAP9bG94Ixcke-2BQB2yTmGtJU8TbvDt2zAEMnlMvFFUghTxOcqhUlcIrumvjpYPepuvdhOje6bAGzgsF4ssBYSrfNb8iJr7qOOAtNWTk44tSrV2-2FOZAjVyk-2BEExlmrbxVsUG2t5GXolpRMtudW6BuHVahkjVUCqAmHiOj81UC16k7d4ZzbQ5NV-2Ff4K373j-2Fpe7hbJ8uEBh6cv6X0Zw1F6sKUqx9uY6xmdw2kxWqDScMZzFfyiCk0kjLwrLJheTUM3FPt6EF4PhI384CloXHgR1z93ZDvVQU21Srbs7XpuSb7xf5NmrI4jPUnwBpIKIy3UiZb8FHTB5BYxhfWMFYtKRRQ70tVac7bZYHGBqAByTgC4WYAEnYE1votq6m1eZIg9RBR-2FMJHyCVLcw1JUjhMZSPQnXuNPsjg-2FkoX9NQUh-2FNwlzfpzjzm04ViOi1y1c02YJsfKNsiAiw-3D-3DSGOD_wUg6XbRT2Dc4maoRgr1Hw-2BIPVzESx8VPFU38ufuNCIs1-2F5tRBUjB0KMH5TXyyPIjjzVl3pwmZtdxgTFBSUDH3DO4HJ0OzqvP-2B52LcUmL0I0DYHNJSA2yWSbDifjXYWCUDLkDqZOBLdqsxkAMhFjgzB-2BeuSgGwMQiiTnCiw7TrBEH72YSM5-2BNYhZ17DfvBu3npUitNMIhB0j1QYlAnXAOwMFWqMug5miOKIDpbOILIB7YbsqTq8ggEEPcyzForOwY)
  * [Andrew (Brazil)](https://u26422699.ct.sendgrid.net/ls/click?upn=UAuGIPx-2FZEXWhAP9bG94Ixcke-2BQB2yTmGtJU8TbvDt2zAEMnlMvFFUghTxOcqhUlcIrumvjpYPepuvdhOje6bAGzgsF4ssBYSrfNb8iJr7qOOAtNWTk44tSrV2-2FOZAjVyk-2BEExlmrbxVsUG2t5GXolpRMtudW6BuHVahkjVUCqAmHiOj81UC16k7d4ZzbQ5NV-2Ff4K373j-2Fpe7hbJ8uEBh6cv6X0Zw1F6sKUqx9uY6xmdw2kxWqDScMZzFfyiCk0kjLwrLJheTUM3FPt6EF4PhI384CloXHgR1z93ZDvVQU21Srbs7XpuSb7xf5NmrI4jPUnwBpIKIy3UiZb8FHTB5BYxhfWMFYtKRRQ70tVac7bZYHGBqAByTgC4WYAEnYE1votq6m1eZIg9RBR-2FMJHyCVLcw1JUjhMZSPQnXuNPsjg-2FkoX9NQUh-2FNwlzfpzjzm01TmvaV87dkiUik5XyL03CQ-3D-3Dsjdd_wUg6XbRT2Dc4maoRgr1Hw-2BIPVzESx8VPFU38ufuNCIs1-2F5tRBUjB0KMH5TXyyPIjMGU6yZkSOK0HnnxV9BkEac7k-2FZJvdJRRl1QzjU-2B9SQ02rGlHmHRaIYOp8BELR1z7GDxRb-2FWMncpZaBqRGYBShFBUAC6TI-2FNgbIOrmASm2aOZLMTbkdsyqf2PjgyU2jy5lKktZLiEcDXJo9V1uayvfsNZwsGbIb-2BF7x7pcauqJB-2F11KVjfPnIsB2oQSIjbqn-2F)
  * [James (South Africa)](https://u26422699.ct.sendgrid.net/ls/click?upn=UAuGIPx-2FZEXWhAP9bG94Ixcke-2BQB2yTmGtJU8TbvDt2zAEMnlMvFFUghTxOcqhUlcIrumvjpYPepuvdhOje6bAGzgsF4ssBYSrfNb8iJr7qOOAtNWTk44tSrV2-2FOZAjVyk-2BEExlmrbxVsUG2t5GXolpRMtudW6BuHVahkjVUCqAmHiOj81UC16k7d4ZzbQ5NV-2Ff4K373j-2Fpe7hbJ8uEBh6cv6X0Zw1F6sKUqx9uY6xmdw2kxWqDScMZzFfyiCk0kjLwrLJheTUM3FPt6EF4PhI384CloXHgR1z93ZDvVQU21Srbs7XpuSb7xf5NmrI4jPUnwBpIKIy3UiZb8FHTB5BYxhfWMFYtKRRQ70tVac7bZYHGBqAByTgC4WYAEnYE1votq6m1eZIg9RBR-2FMJHyCVLcw1JUjhMZSPQnXuNPsjg-2FkoX9NQUh-2FNwlzfpzjzm0zJKlJycFpGc93VEAgkcSyg-3D-3Ddmqv_wUg6XbRT2Dc4maoRgr1Hw-2BIPVzESx8VPFU38ufuNCIs1-2F5tRBUjB0KMH5TXyyPIjVm-2Fw8aHhEQfjOgTdxr-2BPn0vISoYJFQHXVhd4QUnKnvpKu23TVETtMt3VL894fNAm9YOEItZ9QmGEutoMnbNWyJgG-2F-2Bp5OnODIlQuKmwtp0o10-2B76H4KQrQYuM1rZiOhfwjAiVxlVRE4wkhSAGqS-2FdUTfS2UE9c0Ddtro-2B3T0-2BhGq6HIhHf4e8UVthJlOw4Vk)
  * [Numan (Pakistan)](https://u26422699.ct.sendgrid.net/ls/click?upn=UAuGIPx-2FZEXWhAP9bG94Ixcke-2BQB2yTmGtJU8TbvDt2zAEMnlMvFFUghTxOcqhUlcIrumvjpYPepuvdhOje6bAGzgsF4ssBYSrfNb8iJr7qOOAtNWTk44tSrV2-2FOZAjVyk-2BEExlmrbxVsUG2t5GXolpRMtudW6BuHVahkjVUCqAmHiOj81UC16k7d4ZzbQ5NV-2Ff4K373j-2Fpe7hbJ8uEBh6cv6X0Zw1F6sKUqx9uY6xmdw2kxWqDScMZzFfyiCk0kjLwrLJheTUM3FPt6EF4PhI384CloXHgR1z93ZDvVQU21Srbs7XpuSb7xf5NmrI4jPUnwBpIKIy3UiZb8FHTB5BYxhfWMFYtKRRQ70tVac7bZYHGBqAByTgC4WYAEnYE1votq6m1eZIg9RBR-2FMJHyCVLcw1JUjhMZSPQnXuNPsjg-2FkoX9NQUh-2FNwlzfpzjzm0RDdLJuNxAIIAjQUNGx2KCg-3D-3D7mMD_wUg6XbRT2Dc4maoRgr1Hw-2BIPVzESx8VPFU38ufuNCIs1-2F5tRBUjB0KMH5TXyyPIjd1Xq21ivSj4f-2B04lMsL7fwC6UXmJP4RB4bS8uIKbwbATTzvD-2BXab-2B5VX-2BwDGnAPxiURwymh8lTnLirZRXw-2B3H0wfssC6EUBa2KTmupydqvxJsTowY8p9RB8rm8-2Fs9aprT-2By-2FBoSTlCE9DF-2F5q70-2B0K4CZWFeXN3G72e-2BrMN9pBI-2BajWsL-2FnzXbzcx-2F8JkRLz)
  * [Mukul (India)](https://u26422699.ct.sendgrid.net/ls/click?upn=UAuGIPx-2FZEXWhAP9bG94Ixcke-2BQB2yTmGtJU8TbvDt2zAEMnlMvFFUghTxOcqhUlcIrumvjpYPepuvdhOje6bAGzgsF4ssBYSrfNb8iJr7qOOAtNWTk44tSrV2-2FOZAjVyk-2BEExlmrbxVsUG2t5GXolpRMtudW6BuHVahkjVUCqAmHiOj81UC16k7d4ZzbQ5NV-2Ff4K373j-2Fpe7hbJ8uEBh6cv6X0Zw1F6sKUqx9uY6xmdw2kxWqDScMZzFfyiCk0kjLwrLJheTUM3FPt6EF4PhI384CloXHgR1z93ZDvVQU21Srbs7XpuSb7xf5NmrI4jPUnwBpIKIy3UiZb8FHTB5BYxhfWMFYtKRRQ70tVac7bZYHGBqAByTgC4WYAEnYE1votq6m1eZIg9RBR-2FMJHyCVLcw1JUjhMZSPQnXuNPsjg-2FkoX9NQUh-2FNwlzfpzjzm09VIo-2BpJORgQEofS8gUVRCQ-3D-3DOpXX_wUg6XbRT2Dc4maoRgr1Hw-2BIPVzESx8VPFU38ufuNCIs1-2F5tRBUjB0KMH5TXyyPIjRmjtbnoeEACH0FCGzC562YCLEnujwheW48TqGCzm03rt9dFP17i4eBlGchrsdKhRWPO8kqp9C2ZSyFiVwbds8-2FvwUjWDtFxNREPYk3tMMvsLGyJkRKS5im7FWRS6P4-2Fbk5N7rphhQYwHGnDPtT2ZKTzvZg4ZYBXRm-2FhlYjqlLO5qm9MKGQK9onsk6Bfsf-2FWQ)

Read more articles about Turing here:

  * Forbes [ America‚Äôs Best Startup Employers](https://u26422699.ct.sendgrid.net/ls/click?upn=UAuGIPx-2FZEXWhAP9bG94Ixcke-2BQB2yTmGtJU8TbvDt2zAEMnlMvFFUghTxOcqhUlcIrumvjpYPepuvdhOje6bAGzgsF4ssBYSrfNb8iJr7qOOAtNWTk44tSrV2-2FOZAjVyk-2BEExlmrbxVsUG2t5GXolpRMtudW6BuHVahkjVUCqAmHiOj81UC16k7d4ZzbQ5NV-2Ff4K373j-2Fpe7hbJ8uEBh6cv6X0Zw1F6sKUqx9uY6xmdw2kxWqDScMZzFfyiCk0kjLwrLJheTUM3FPt6EF4PhI384CloXHgR1z93ZDvVQU21Srbs7XpuSb7xf5NmrI4jPUnwBpIKIy3UiZb8FHTB5BYxhfWMFYtKRRQ70tVac7bZYHGBqAByTgC4WYAEnYE1votq6m1eZIg9RBR-2FMJHyCXI8SgTW3LjndYSYCk1DhfW-2BrUzRcehcd0mnrxf0zFLSzL0btTSXNQ0Xgxu8MtS-2FGkrgDsRKKekPdIE-2BC-2Fn8jpQ24NhkZJ1ZPDsJ1XQVB6fGOYgNAjiPSE-2BgiJCLpBiQvA-3D-3DeuJ-_wUg6XbRT2Dc4maoRgr1Hw-2BIPVzESx8VPFU38ufuNCIs1-2F5tRBUjB0KMH5TXyyPIjP9fc0jo9X0vL90TwX-2FFHsw98yrGTq0OrjMDBnFiwScPJkgVrzaNmkeeesABAIy4GJuPm8bnwouUIcwmgubdJ-2F2EI9xkx7Njz0VWc0m-2FYyQfc3PLzON1A31NLaMLiYOohMzSfF1MbhNEv8ixZfcVNItVl3Nky24mxSgWI-2BeI0K8yAJoJTMgJIEJ-2Fy6jhSYWfo)
  * Tech Crunch [Turing books $87M at a $1.1B valuation to help companies hire engineers remotely](https://u26422699.ct.sendgrid.net/ls/click?upn=UAuGIPx-2FZEXWhAP9bG94Ixcke-2BQB2yTmGtJU8TbvDt2zAEMnlMvFFUghTxOcqhUlcIrumvjpYPepuvdhOje6bAGzgsF4ssBYSrfNb8iJr7qOOAtNWTk44tSrV2-2FOZAjVyk-2BEExlmrbxVsUG2t5GXolpRMtudW6BuHVahkjVUCqAmHiOj81UC16k7d4ZzbQ5NV-2Ff4K373j-2Fpe7hbJ8uEBh6cv6X0Zw1F6sKUqx9uY6xmdw2kxWqDScMZzFfyiCk0kjLwrLJheTUM3FPt6EF4PhI384CloXHgR1z93ZDvVQU21Srbs7XpuSb7xf5NmrI4jPUnwBpIKIy3UiZb8FHTB5BYxhfWMFYtKRRQ70tVac7bZYHGBqAByTgC4WYAEnYE1votq6m1eZIg9RBR-2FMJHyCS4UzO5QIwUt-2BsylgyJ35T58O2e96GGNL9zaHdF04oLEy8rGsHUyMfvlqb9MCYUds0Y7qp5Bu6UvZVju285pE8kdiiexkv9-2BTOj719KoD0-2FA9s028pd5PqC3xT3WuWzpJD-2B1ZLH93HBnwjN287SZYiV4PX6KvgGfbsTLmqq3RKESgNJdJKJ2b3-2Fvif0tgjjNQA-3D-3DColf_wUg6XbRT2Dc4maoRgr1Hw-2BIPVzESx8VPFU38ufuNCIs1-2F5tRBUjB0KMH5TXyyPIjpQIFNwUFClD9w-2BAjuVkOUYfiPSfuDturCR-2F-2FTtTva349wgS6DYHHmCb7OpLuiYySqFY712IO-2BoZJBUbOqMMqasA0-2Be6dwAH31EIMtctPEXxdEm5VIuw-2BXFla2ZoYmg1G-2BAcJbdrx7lyxX4eGqKJXdeGfYJGhzsCMgD6fm91gRBUsykoq0c-2FhoVQH3xp8X-2F62)
  * Fast Company: Turing featured in Fast Company‚Äôs [Annual List of the World‚Äôs Most Innovative Companies 2021](https://u26422699.ct.sendgrid.net/ls/click?upn=UAuGIPx-2FZEXWhAP9bG94Ixcke-2BQB2yTmGtJU8TbvDt2zAEMnlMvFFUghTxOcqhUlcIrumvjpYPepuvdhOje6bAGzgsF4ssBYSrfNb8iJr7qOOAtNWTk44tSrV2-2FOZAjVyk-2BEExlmrbxVsUG2t5GXolpRMtudW6BuHVahkjVUCqAmHiOj81UC16k7d4ZzbQ5NV-2Ff4K373j-2Fpe7hbJ8uEBh6cv6X0Zw1F6sKUqx9uY6xmdw2kxWqDScMZzFfyiCk0kjLwrLJheTUM3FPt6EF4PhI384CloXHgR1z93ZDvVQU21Srbs7XpuSb7xf5NmrI4jPUnwBpIKIy3UiZb8FHTB5BYxhfWMFYtKRRQ70tVac7bZYHGBqAByTgC4WYAEnYE1votq6m1eZIg9RBR-2FMJHyCQIm71vdEJcyYINQWYiS-2B-2F-2FG48s0eTpBMDCtCyMYO0VkO2qihcO3riwbp7ouHVPeGQw3WykJ9dHnSKVIffm1gKKo22UCYH2lMUKQDe5WOn4KjSa8LfqLMl7zfFv7T5OoGlSiaqoGFa92itN-2B-2BAJOs6kz1kIKLV5wXlEA1ZQlw0CuwcJ2_wUg6XbRT2Dc4maoRgr1Hw-2BIPVzESx8VPFU38ufuNCIs1-2F5tRBUjB0KMH5TXyyPIjn2mEc1-2BE5jp5SWe-2B74zsZN7YkfmYKsfI9N5C4k-2FTTqLl5nUdwTH-2B-2Bg4uiTAfxdIwgIlh2cAxwILp-2Bs9jyK1cUxgqNFI-2FeK91X1-2FXdrVtooJbb-2FuEic3IMRjFvw6bHqPcg0yVzObXtkgm2fKxc8QPqwS7n6PqJapWDDP9zChvBJtaTwe2auE75H2XrRogzH-2BC)
  * The Information:  [Turing named the Most Promising B2B Startup by The Information ](https://u26422699.ct.sendgrid.net/ls/click?upn=UAuGIPx-2FZEXWhAP9bG94Ixcke-2BQB2yTmGtJU8TbvDt2zAEMnlMvFFUghTxOcqhUlcIrumvjpYPepuvdhOje6bAGzgsF4ssBYSrfNb8iJr7qOOAtNWTk44tSrV2-2FOZAjVyk-2BEExlmrbxVsUG2t5GXolpRMtudW6BuHVahkjVUCqAmHiOj81UC16k7d4ZzbQ5NV-2Ff4K373j-2Fpe7hbJ8uEBh6cv6X0Zw1F6sKUqx9uY6xmdw2kxWqDScMZzFfyiCk0kjLwrLJheTUM3FPt6EF4PhI384CloXHgR1z93ZDvVQU21Srbs7XpuSb7xf5NmrI4jPUnwBpIKIy3UiZb8FHTB5BYxhfWMFYtKRRQ70tVac7bZYHGBqAByTgC4WYAEnYE1votq6m1eZIg9RBR-2FMJHyCQIm71vdEJcyYINQWYiS-2B-2F-2FG48s0eTpBMDCtCyMYO0Vkqr7zOIsROfs77idcBbJHJup6jD1tOfMxOX7mJJ8uZplt6BzAwAaY-2FO1kpZ5Rt7kAbyZ-2FZlhjLxg1t-2B1GSGxitA-3D-3DWunY_wUg6XbRT2Dc4maoRgr1Hw-2BIPVzESx8VPFU38ufuNCIs1-2F5tRBUjB0KMH5TXyyPIjz2y92MSkJNi9cA3ATdNTMXqTgILVK2Ca0drZ4bweK-2BxhJXw4lQk7Ai234e5J7aACLOxpfdWp-2BWgxpEZaq8e9Ol-2FtLCVg3Frmc-2Fge1qxxIT-2Bce-2B5WD8XiBBC-2Fr5E9jlpSekS1vin64c6OwKbT4-2BqXgP-2FeWRZvDJ4eLyTprXgTENwNktZ9uGXAjqi1WsSBaFXa)

  

Turing Enterprises Inc, 1900 Embarcadero Rd, Suite 104, Palo Alto, California,
94303, USA

  
![.](https://mail.turing.com/api/analytics/open/173ed6ffa777ba2872e501129142d01427b5a3a6256c56a7d7a75a7a7f4bfcf697e0e7145a8ed8ec7c2c23f7493f4278f7feb82e477499de75cc37e82f8932d90bf0797b407cf64a6dad743ca33c5c7e3b0cdf621e549fe25de4e6c38e542b0acee1a84f9023dce7d308af69f1c804d40528a5dd8bb7522cb7)

Please use this link to
[unsubscribe](https://u26422699.ct.sendgrid.net/ls/click?upn=UAuGIPx-2FZEXWhAP9bG94I2c9bFRrdv5-2FA-2Bd0A0hoAlniJyWp5Yj19B8KLzm3MVWl0Jj3Agx3nMPq8DwVzR-2F7Hh-2BLbx2ztK-2BYuazPgeExbNKdfJQ8G8hrSaAhP1P9BWgPlLCHM6C3YuMtFDsWe9wMWueCEltXvBFE1RqajZ3obquNq8PE-2FcdDxgcRYGrLWM1boBXx2zJH7S-2BZRIY5JgEAokw-2FpHgZ8zZn0rVmxKTrnpP1RENjGdboRyGKmuJWsFubtPreOMIlBSP-2FWA9XQ-2BZq0EviC8WT3UNQhdIQctI6dh-2BIHKOqeHMn49RY9-2BQjncSORLLWoRQ2XYUoKp52aPFw9ajJytqMyqDKdNCK0YF0CyfcrmmNyzVhbGvBozSjv7WnzefqLrN3jiQ65dL2-2Blpqt6NgMzYze45ojNBUCBz0xMglhYUnHJUICzmsTg9a043tNH1E_wUg6XbRT2Dc4maoRgr1Hw-2BIPVzESx8VPFU38ufuNCIs1-2F5tRBUjB0KMH5TXyyPIjlZr1U-2BfcwZsdrFAdKe2N-2F2AB-2By72k5anpbq0Vx9FNxCx4Dei5p-2BSFfcWGHCSkzs3Ljm4sdFH35nUxyL3Gxbxkn4rjlKxP6SettQ9q9YVkJnCG1mRILhprgdnwWAWRN0OJSqnUE8EoQuOsOXsd7-2B2FbjDaT0GTBRJWsXo9l4qrCBFrxVf9u2augvK0fmHQosn)
from all our emails.

![](https://u26422699.ct.sendgrid.net/wf/open?upn=8yjgFn7N4T4Xv8MxrAuJpx-2BQB-2F-2F98L4PwZCbp0r29dW8IS5EnbAyQFrhp0BVcSjsnw9CfSQY8FdMSajY41cboUUVVyYJsYxhXBLRoLqPGqdyISFha4fL6sRLtV7Pq8FZHd-2FOAPTVz9PrScp-2BPzTVnw8sagBdz92br9x4g7L64IwFjG0lk2FB7I7-2BDi8RIBilF2qYSRBwi9jIAjwE9fkC8JG4KZS6aJl8DGqm5TWbU6oP-2FTW2eEYSKWnyXt3hgt2D-2Bx7lXi5s9qQupPl8Ckx1Wg-3D-3D)

"
